{"simple create":{"mean":4.174725833333345,"hz":239.5366881378032},"simple set":{"mean":0.9648354527938366,"hz":1036.4461599170497}}