{"simple create":{"mean":4.351560000000002,"hz":229.80264548805476},"simple set":{"mean":1.1181479910714265,"hz":894.3359984413017}}