{"simple create":{"mean":4.403692982456144,"hz":227.08213401431394},"simple set":{"mean":1.1300668171557506,"hz":884.9034276724327}}