{"simple create":{"mean":2.3168546296296038,"hz":431.61965675846926},"simple set":{"mean":0.9416486842105358,"hz":1061.967182419402}}